GPS time,SatPRN (ID),Sat.X,Sat.Y,Sat.Z,Pseudo-Range,CN0,GPS_Unique_Time,Pos_X,Pos_Y,Pos_Z,Lat,Lon,Alt
2024-04-13 16:51:36.417342+00:00,G02,14573206.71411265,-5239567.640830624,22040175.96184369,22812058.27763995,43.0,2024-04-13 16:51:36.417342+00:00,4436876.524074266,3085278.6874412294,3376310.7016534857,32.168818409153786,34.813655722275634,53.044013276696205
2024-04-13 16:51:36.417342+00:00,G03,23187580.55856421,-12122987.558775622,4011162.691971072,24151306.26768114,42.0,2024-04-13 16:51:37.417342+00:00,4436882.867613477,3085280.299765047,3376315.8637887514,32.168818409153786,34.813655722275634,53.044013276696205
2024-04-13 16:51:36.417342+00:00,G08,24906736.30404856,4694270.572758321,8528081.895445963,21169467.93797826,47.8,2024-04-13 16:51:38.417342+00:00,4436875.160833208,3085279.1697089225,3376308.2712946846,32.168818409153786,34.813655722275634,53.044013276696205
2024-04-13 16:51:36.417342+00:00,G10,-1329165.0720265834,17148086.34156501,20352420.163985148,22785964.099709965,39.0,2024-04-13 16:51:39.417343+00:00,4436875.664475398,3085277.607056547,3376310.2832723167,32.168818409153786,34.813655722275634,53.044013276696205
2024-04-13 16:51:36.417342+00:00,G21,15699708.620245434,1536361.2559223366,21913664.42634119,21745944.91382768,44.3,2024-04-13 16:51:40.417343+00:00,4436878.557056937,3085278.5391810318,3376315.634687881,32.168818409153786,34.813655722275634,53.044013276696205
2024-04-13 16:51:36.417342+00:00,G27,23150795.05425613,13293206.07379138,-2593025.988618102,22137021.599012583,45.2,2024-04-13 16:51:41.417343+00:00,4436867.987224205,3085276.475023743,3376308.9993831143,32.168818409153786,34.813655722275634,53.044013276696205
2024-04-13 16:51:36.417342+00:00,G28,5200268.047928143,25758890.15118024,-3885488.7660888894,23820393.16069658,35.5,2024-04-13 16:51:42.417343+00:00,4436877.915107102,3085272.9434822365,3376311.9946800377,32.168818409153786,34.813655722275634,53.044013276696205
2024-04-13 16:51:36.417342+00:00,G32,8094502.459394407,17964729.605067823,18113974.760810208,21259751.56231968,45.6,2024-04-13 16:51:43.417343+00:00,4436881.023416317,3085278.8546539256,3376314.80872299,32.168818409153786,34.813655722275634,53.044013276696205
2024-04-13 16:51:37.417342+00:00,G02,14573637.157755837,-5236917.872893741,22040556.11196385,22811553.130679525,45.2,2024-04-13 16:51:44.417343+00:00,4436886.4112748,3085283.7968362747,3376318.7815818046,32.168818409153786,34.813655722275634,53.044013276696205
2024-04-13 16:51:37.417342+00:00,G03,23187259.053250164,-12122514.97754027,4014342.794508614,24150800.496943604,43.4,2024-04-13 16:51:45.417344+00:00,4436876.284305745,3085280.084246769,3376314.5255811675,32.168818409153786,34.813655722275634,53.044013276696205
2024-04-13 16:51:37.417342+00:00,G08,24907621.621711712,4694947.489705142,8525202.036002519,21169634.036103524,49.8,2024-04-13 16:51:46.417344+00:00,4436890.583418617,3085280.946926569,3376319.2490023184,32.168818409153786,34.813655722275634,53.044013276696205
2024-04-13 16:51:37.417342+00:00,G10,-1331334.3680131258,17149413.627291784,20351116.047403943,22786318.16333277,41.7,2024-04-13 16:51:47.417344+00:00,4436888.267581811,3085280.312962146,3376312.1443963046,32.168818409153786,34.813655722275634,53.044013276696205
2024-04-13 16:51:37.417342+00:00,G21,15700126.351931373,1538993.6651881896,21913269.6990149,21745595.35058876,46.7,2024-04-13 16:51:48.417344+00:00,4436880.761630983,3085277.785006823,3376319.5286422684,32.168818409153786,34.813655722275634,53.044013276696205
2024-04-13 16:51:37.417342+00:00,G27,23150430.25081132,13293291.289165769,-2596155.0586444973,22137551.317140643,47.7,2024-04-13 16:51:49.417344+00:00,4436887.364398748,3085282.066219986,3376320.033154289,32.168818409153786,34.813655722275634,53.044013276696205
2024-04-13 16:51:37.417342+00:00,G28,5200041.630917072,25759405.58158661,-3882362.5798162287,23819891.916109253,37.8,2024-04-13 16:51:50.417344+00:00,4436892.90170232,3085286.032615257,3376316.764066002,32.168818409153786,34.813655722275634,53.044013276696205
2024-04-13 16:51:37.417342+00:00,G32,8092415.256527005,17963876.506956242,18115754.467669804,21259985.709204976,46.8,2024-04-13 16:51:51.417344+00:00,4436895.637674616,3085287.6123352284,3376323.3538922383,32.168818409153786,34.813655722275634,53.044013276696205
2024-04-13 16:51:38.417342+00:00,G02,14574067.76820618,-5234268.088813115,22040935.8126152,22811047.390411697,43.0,2024-04-13 16:51:52.417344+00:00,4436884.707614491,3085285.5436302167,3376320.781798051,32.168818409153786,34.813655722275634,53.044013276696205
2024-04-13 16:51:38.417342+00:00,G03,23186937.24185885,-12122042.15333005,4017522.810753316,24150295.354413908,42.4,2024-04-13 16:51:53.417345+00:00,4436881.074173959,3085289.125559574,3376317.923965767,32.168818409153786,34.813655722275634,53.044013276696205
2024-04-13 16:51:38.417342+00:00,G08,24908506.65134796,4695624.204662176,8522321.99879082,21169796.818687413,48.0,2024-04-13 16:51:54.417345+00:00,4436888.43074135,3085284.368820754,3376316.734998329,32.168818409153786,34.813655722275634,53.044013276696205
2024-04-13 16:51:38.417342+00:00,G10,-1333503.4494755473,17150740.95935104,20349811.50206375,22786669.81882553,39.7,2024-04-13 16:51:55.417345+00:00,4436885.963542195,3085284.2530102017,3376322.251107509,32.168818409153786,34.813655722275634,53.044013276696205
2024-04-13 16:51:38.417342+00:00,G21,15700544.23317017,1541625.9905167348,21912874.527986936,21745249.10289121,44.7,,,,,32.168818409153786,34.813655722275634,53.044013276696205
2024-04-13 16:51:38.417342+00:00,G27,23150065.10460992,13293376.353816982,-2599284.0749783744,22138085.25822139,45.5,,,,,32.168818409153786,34.813655722275634,53.044013276696205
2024-04-13 16:51:38.417342+00:00,G28,5199815.206101653,25759920.634232134,-3879236.310747346,23819369.661459766,36.2,,,,,32.168818409153786,34.813655722275634,53.044013276696205
2024-04-13 16:51:38.417342+00:00,G32,8090327.804100423,17963023.435395673,18117533.797867578,21260224.95155386,45.5,,,,,32.168818409153786,34.813655722275634,53.044013276696205
2024-04-13 16:51:39.417343+00:00,G02,14574498.545457968,-5231618.288668992,22041315.06378919,22810542.83675868,45.2,,,,,32.168818409153786,34.813655722275634,53.044013276696205
2024-04-13 16:51:39.417343+00:00,G03,23186615.12443012,-12121569.086107343,4020702.740636672,24149790.840092044,44.0,,,,,32.168818409153786,34.813655722275634,53.044013276696205
2024-04-13 16:51:39.417343+00:00,G08,24909391.39288893,4696300.717640739,8519441.783958217,21169965.324942727,49.5,,,,,32.168818409153786,34.813655722275634,53.044013276696205
2024-04-13 16:51:39.417343+00:00,G10,-1335672.316338322,17152068.33766805,20348506.528011203,22787023.847547904,41.6,,,,,32.168818409153786,34.813655722275634,53.044013276696205
2024-04-13 16:51:39.417343+00:00,G21,15700962.263950534,1544258.231876301,21912478.91326452,21744902.855193663,46.2,,,,,32.168818409153786,34.813655722275634,53.044013276696205
2024-04-13 16:51:39.417343+00:00,G27,23149699.61563187,13293461.2677961,-2602413.037599344,22138619.199302144,47.0,,,,,32.168818409153786,34.813655722275634,53.044013276696205
2024-04-13 16:51:39.417343+00:00,G28,5199588.773461336,25760435.30903948,-3876109.959374171,23818867.1953572,39.1,,,,,32.168818409153786,34.813655722275634,53.044013276696205
2024-04-13 16:51:39.417343+00:00,G32,8088240.102113026,17962170.39042043,18119312.751398697,21260463.87979882,48.2,,,,,32.168818409153786,34.813655722275634,53.044013276696205
2024-04-13 16:51:40.417343+00:00,G02,14574929.489515731,-5228968.472478466,22041693.86548632,22810034.0950534,45.2,,,,,32.168818409153786,34.813655722275634,53.044013276696205
2024-04-13 16:51:40.417343+00:00,G03,23186292.701009493,-12121095.775843112,4023882.5840335344,24149292.293744653,44.2,,,,,32.168818409153786,34.813655722275634,53.044013276696205
2024-04-13 16:51:40.417343+00:00,G08,24910275.84630359,4696977.028680667,8516561.391530413,21170135.92522417,49.4,,,,,32.168818409153786,34.813655722275634,53.044013276696205
2024-04-13 16:51:40.417343+00:00,G10,-1337840.9685186043,17153395.762163736,20347201.125297274,22787386.00807174,41.1,,,,,32.168818409153786,34.813655722275634,53.044013276696205
2024-04-13 16:51:40.417343+00:00,G21,15701380.444264522,1546890.389256036,21912082.854851656,21744550.8838247,45.8,,,,,32.168818409153786,34.813655722275634,53.044013276696205
2024-04-13 16:51:40.417343+00:00,G27,23149333.78386732,13293546.03115136,-2605541.946402485,22139157.01433124,46.8,,,,,32.168818409153786,34.813655722275634,53.044013276696205
2024-04-13 16:51:40.417343+00:00,G28,5199362.332925703,25760949.6060442,-3872983.525504057,23818359.66869148,39.9,,,,,32.168818409153786,34.813655722275634,53.044013276696205
2024-04-13 16:51:40.417343+00:00,G32,8086152.150592797,17961317.37207675,18121091.32823326,21260701.30732505,47.5,,,,,32.168818409153786,34.813655722275634,53.044013276696205
2024-04-13 16:51:41.417343+00:00,G02,14575360.600359458,-5226318.640409272,22042072.21768556,22809532.82204131,45.3,,,,,32.168818409153786,34.813655722275634,53.044013276696205
2024-04-13 16:51:41.417343+00:00,G03,23185969.971626576,-12120622.222485622,4027062.340973859,24148790.431855887,44.1,,,,,32.168818409153786,34.813655722275634,53.044013276696205
2024-04-13 16:51:41.417343+00:00,G08,24911160.01156343,4697653.137824295,8513680.82152469,21170304.11737556,49.4,,,,,32.168818409153786,34.813655722275634,53.044013276696205
2024-04-13 16:51:41.417343+00:00,G10,-1340009.4061253602,17154723.232876316,20345895.293857537,22787735.56953837,35.7,,,,,32.168818409153786,34.813655722275634,53.044013276696205
2024-04-13 16:51:41.417343+00:00,G21,15701798.774070607,1549522.4624343296,21911686.35278413,21744211.511512943,45.8,,,,,32.168818409153786,34.813655722275634,53.044013276696205
2024-04-13 16:51:41.417343+00:00,G27,23148967.609296795,13293630.643933551,-2608670.801363409,22139694.86426076,46.5,,,,,32.168818409153786,34.813655722275634,53.044013276696205
2024-04-13 16:51:41.417343+00:00,G28,5199135.884442097,25761463.52524182,-3869857.009187088,23817845.510943025,37.6,,,,,32.168818409153786,34.813655722275634,53.044013276696205
2024-04-13 16:51:41.417343+00:00,G32,8084063.949624278,17960464.380433835,18122869.52829336,21260944.14441879,46.9,,,,,32.168818409153786,34.813655722275634,53.044013276696205
2024-04-13 16:51:42.417343+00:00,G02,14575791.878002692,-5223668.792423091,22042450.12039534,22809027.3958774,44.7,,,,,32.168818409153786,34.813655722275634,53.044013276696205
2024-04-13 16:51:42.417343+00:00,G03,23185646.93632204,-12120148.425998015,4030242.011382488,24148285.8826336,43.8,,,,,32.168818409153786,34.813655722275634,53.044013276696205
2024-04-13 16:51:42.417343+00:00,G08,24912043.88861624,4698329.045094783,8510800.074036134,21170473.49614176,49.4,,,,,32.168818409153786,34.813655722275634,53.044013276696205
2024-04-13 16:51:42.417343+00:00,G10,15702217.253380438,1552154.4515242227,21911289.40704741,21743864.94971148,45.9,,,,,32.168818409153786,34.813655722275634,53.044013276696205
2024-04-13 16:51:42.417343+00:00,G21,23148601.09190798,13293715.106191846,-2611799.602396517,22140234.773315977,45.7,,,,,32.168818409153786,34.813655722275634,53.044013276696205
2024-04-13 16:51:42.417343+00:00,G27,5198909.427975825,25761977.066587083,-3866730.410721621,23817346.95368923,37.7,,,,,32.168818409153786,34.813655722275634,53.044013276696205
2024-04-13 16:51:42.417343+00:00,G28,8081975.49919523,17959611.41552181,18124647.351583056,21261185.4807938,48.1,,,,,32.168818409153786,34.813655722275634,53.044013276696205
2024-04-13 16:51:43.417343+00:00,G02,14576223.322428403,-5221018.928669001,22042827.57359735,22808527.34438056,44.9,,,,,32.168818409153786,34.813655722275634,53.044013276696205
2024-04-13 16:51:43.417343+00:00,G03,23185323.595146205,-12119674.38635869,4033421.595086155,24147788.52290101,43.9,,,,,32.168818409153786,34.813655722275634,53.044013276696205
2024-04-13 16:51:43.417343+00:00,G08,24912927.477430686,4699004.750532467,8507919.149091106,21170640.501678344,49.2,,,,,32.168818409153786,34.813655722275634,53.044013276696205
2024-04-13 16:51:43.417343+00:00,G10,15702635.882170135,1554786.3564146345,21910892.01766058,21743516.88719129,46.0,,,,,32.168818409153786,34.813655722275634,53.044013276696205
2024-04-13 16:51:43.417343+00:00,G21,23148234.23167975,13293799.417977173,-2614928.349493065,22140771.40173025,45.3,,,,,32.168818409153786,34.813655722275634,53.044013276696205
2024-04-13 16:51:43.417343+00:00,G27,5198682.963454504,25762490.23012017,-3863603.72988624,23816836.390685625,37.2,,,,,32.168818409153786,34.813655722275634,53.044013276696205
2024-04-13 16:51:43.417343+00:00,G28,8079886.799325444,17958758.47738328,18126424.7980797,21261422.90832004,47.6,,,,,32.168818409153786,34.813655722275634,53.044013276696205
2024-04-13 16:51:44.417343+00:00,G02,14576654.933642874,-5218369.049153188,22043204.57729366,22808026.071368467,45.9,,,,,32.168818409153786,34.813655722275634,53.044013276696205
2024-04-13 16:51:44.417343+00:00,G03,23184999.94812985,-12119200.103517031,4036601.092105198,24147289.97655361,44.7,,,,,32.168818409153786,34.813655722275634,53.044013276696205
2024-04-13 16:51:44.417343+00:00,G08,24913810.777943235,4699680.2541519655,8505038.046821602,21170812.56777808,49.8,,,,,32.168818409153786,34.813655722275634,53.044013276696205
2024-04-13 16:51:44.417343+00:00,G10,15703054.660419486,1557418.1770187374,21910494.18463924,21743170.325389825,46.8,,,,,32.168818409153786,34.813655722275634,53.044013276696205
2024-04-13 16:51:44.417343+00:00,G21,23147867.02859648,13293883.57933958,-2618057.0425951243,22141304.12129577,45.9,,,,,32.168818409153786,34.813655722275634,53.044013276696205
2024-04-13 16:51:44.417343+00:00,G27,5198456.490840805,25763003.015802093,-3860476.966941404,23816332.42386433,37.7,,,,,32.168818409153786,34.813655722275634,53.044013276696205
2024-04-13 16:51:44.417343+00:00,G28,8077797.850069861,17957905.566075724,18128201.867730264,21261659.149231467,47.6,,,,,32.168818409153786,34.813655722275634,53.044013276696205
2024-04-13 16:51:45.417344+00:00,G02,14577086.711649248,-5215719.153900997,22043581.13148357,22807519.144485835,45.1,,,,,32.168818409153786,34.813655722275634,53.044013276696205
2024-04-13 16:51:45.417344+00:00,G03,23184675.99530537,-12118725.577424608,4039780.502444403,24146783.333305195,44.7,,,,,32.168818409153786,34.813655722275634,53.044013276696205
2024-04-13 16:51:45.417344+00:00,G08,24914693.790139288,4700355.556006353,8502156.767199595,21170980.48072598,49.7,,,,,32.168818409153786,34.813655722275634,53.044013276696205
2024-04-13 16:51:45.417344+00:00,G10,15703473.588115444,1560049.913293832,21910095.90799224,21742823.17028096,46.4,,,,,32.168818409153786,34.813655722275634,53.044013276696205
2024-04-13 16:51:45.417344+00:00,G21,23147499.482653543,13293967.59032621,-2621185.681553402,22141841.06381397,45.8,,,,,32.168818409153786,34.813655722275634,53.044013276696205
2024-04-13 16:51:45.417344+00:00,G27,5198230.0100684,25763515.423658565,-3857350.1217538,23815815.892886262,37.0,,,,,32.168818409153786,34.813655722275634,53.044013276696205
2024-04-13 16:51:45.417344+00:00,G28,8075708.651477274,17957052.68165374,18129978.560487267,21261895.9834503,46.4,,,,,32.168818409153786,34.813655722275634,53.044013276696205
2024-04-13 16:51:46.417344+00:00,G02,14577518.656424468,-5213069.243098345,22043957.23614361,22807020.279603794,43.6,,,,,32.168818409153786,34.813655722275634,53.044013276696205
2024-04-13 16:51:46.417344+00:00,G03,23184351.73672492,-12118250.808062036,4042959.8259142376,24146280.00559814,42.6,,,,,32.168818409153786,34.813655722275634,53.044013276696205
2024-04-13 16:51:46.417344+00:00,G08,24915576.51396154,4701030.656115165,8499275.310336692,21171149.545388263,47.6,,,,,32.168818409153786,34.813655722275634,53.044013276696205
2024-04-13 16:51:46.417344+00:00,G10,-1350848.3722884487,17161361.276693147,20339359.70778309,22789548.11717933,34.0,,,,,32.168818409153786,34.813655722275634,53.044013276696205
2024-04-13 16:51:46.417344+00:00,G21,15703892.66524831,1562681.565218639,21909697.187725205,21742470.919708505,44.0,,,,,32.168818409153786,34.813655722275634,53.044013276696205
2024-04-13 16:51:46.417344+00:00,G27,23147131.59383137,13294051.450987969,-2624314.266344558,22142378.285535656,44.0,,,,,32.168818409153786,34.813655722275634,53.044013276696205
2024-04-13 16:51:46.417344+00:00,G28,5198003.521109107,25764027.453630283,-3854223.194708416,23815317.335632466,36.2,,,,,32.168818409153786,34.813655722275634,53.044013276696205
2024-04-13 16:51:46.417344+00:00,G32,8073619.203615215,17956199.824179806,18131754.87628716,21262137.913132712,44.7,,,,,32.168818409153786,34.813655722275634,53.044013276696205
2024-04-13 16:51:47.417344+00:00,G02,14577950.767985916,-5210419.316683025,22044332.89128557,22806515.132643368,44.4,,,,,32.168818409153786,34.813655722275634,53.044013276696205
2024-04-13 16:51:47.417344+00:00,G03,23184027.17242693,-12117775.795390222,4046139.0624591582,24145778.771917216,42.8,,,,,32.168818409153786,34.813655722275634,53.044013276696205
2024-04-13 16:51:47.417344+00:00,G08,24916458.94937069,4701705.554512181,8496393.676285723,21171318.95905489,48.0,,,,,32.168818409153786,34.813655722275634,53.044013276696205
2024-04-13 16:51:47.417344+00:00,G10,-1353015.520954512,17162689.02318965,20338051.30491769,22789910.55690665,33.5,,,,,32.168818409153786,34.813655722275634,53.044013276696205
2024-04-13 16:51:47.417344+00:00,G21,15704311.891781105,1565313.132601072,21909298.023869675,21742128.5459593,44.6,,,,,32.168818409153786,34.813655722275634,53.044013276696205
2024-04-13 16:51:47.417344+00:00,G27,23146763.362111025,13294135.161375292,-2627442.796941278,22142912.226616405,44.0,,,,,32.168818409153786,34.813655722275634,53.044013276696205
2024-04-13 16:51:47.417344+00:00,G28,5197777.023884434,25764539.105771083,-3851096.185499713,23814801.08385788,36.2,,,,,32.168818409153786,34.813655722275634,53.044013276696205
2024-04-13 16:51:47.417344+00:00,G32,8071529.50649097,17955346.993691504,18133530.81511789,21262380.75022645,45.1,,,,,32.168818409153786,34.813655722275634,53.044013276696205
2024-04-13 16:51:48.417344+00:00,G02,14578383.046319446,-5207769.374786043,22044708.096893776,22806011.207198188,44.0,,,,,32.168818409153786,34.813655722275634,53.044013276696205
2024-04-13 16:51:48.417344+00:00,G03,23183702.302448764,-12117300.539367734,4049318.212036207,24145277.22413237,43.1,,,,,32.168818409153786,34.813655722275634,53.044013276696205
2024-04-13 16:51:48.417344+00:00,G08,24917341.09633236,4702380.251234804,8493511.86508343,21171486.243794966,48.0,,,,,32.168818409153786,34.813655722275634,53.044013276696205
2024-04-13 16:51:48.417344+00:00,G10,-1355182.4548274623,17164016.815568916,20336742.47346712,22790251.114060927,34.1,,,,,32.168818409153786,34.813655722275634,53.044013276696205
2024-04-13 16:51:48.417344+00:00,G21,15704731.267713662,1567944.6154798083,21908898.41642222,21741784.706391804,44.4,,,,,32.168818409153786,34.813655722275634,53.044013276696205
2024-04-13 16:51:48.417344+00:00,G27,23146394.78749426,13294218.721534263,-2630571.2731388886,22143456.32372388,43.4,,,,,32.168818409153786,34.813655722275634,53.044013276696205
2024-04-13 16:51:48.417344+00:00,G28,5197550.518369531,25765050.38001352,-3847969.0945633226,23814302.52660408,36.5,,,,,32.168818409153786,34.813655722275634,53.044013276696205
2024-04-13 16:51:48.417344+00:00,G32,8069439.560109178,17954494.19022574,18135306.376969244,21262619.99257533,44.8,,,,,32.168818409153786,34.813655722275634,53.044013276696205
2024-04-13 16:51:49.417344+00:00,G02,14578815.491417965,-5205119.41749534,22045082.85295872,22805511.155701343,46.0,,,,,32.168818409153786,34.813655722275634,53.044013276696205
2024-04-13 16:51:49.417344+00:00,G03,23183377.126837976,-12116825.039968807,4052497.274500657,24144782.551733315,44.9,,,,,32.168818409153786,34.813655722275634,53.044013276696205
2024-04-13 16:51:49.417344+00:00,G08,24918222.954780143,4703054.7462959895,8490629.876871249,21171659.810613424,49.3,,,,,32.168818409153786,34.813655722275634,53.044013276696205
2024-04-13 16:51:49.417344+00:00,G10,-1357349.173506613,17165344.653556854,20335433.213674664,22790619.55666315,35.8,,,,,32.168818409153786,34.813655722275634,53.044013276696205
2024-04-13 16:51:49.417344+00:00,G21,15705150.79302923,1570576.0137893008,21908498.365395203,21741439.924512547,45.6,,,,,32.168818409153786,34.813655722275634,53.044013276696205
2024-04-13 16:51:49.417344+00:00,G27,23146025.869944427,13294302.131519534,-2633699.6950597907,22143992.67293468,45.2,,,,,32.168818409153786,34.813655722275634,53.044013276696205
2024-04-13 16:51:49.417344+00:00,G28,5197324.004493194,25765561.276395086,-3844841.9216934354,23813795.558345336,38.5,,,,,32.168818409153786,34.813655722275634,53.044013276696205
2024-04-13 16:51:49.417344+00:00,G32,8067349.364560572,17953641.41385415,18137081.561758265,21262863.42297647,45.7,,,,,32.168818409153786,34.813655722275634,53.044013276696205
2024-04-13 16:51:50.417344+00:00,G02,14579248.10328289,-5202469.444846471,22045457.159478296,22805011.697511904,46.0,,,,,32.168818409153786,34.813655722275634,53.044013276696205
2024-04-13 16:51:50.417344+00:00,G03,23183051.64562021,-12116349.297135154,4055676.2499235338,24144281.59725588,45.4,,,,,32.168818409153786,34.813655722275634,53.044013276696205
2024-04-13 16:51:50.417344+00:00,G08,24919104.524698675,4703729.039747692,8487747.711623866,21171830.72499878,49.7,,,,,32.168818409153786,34.813655722275634,53.044013276696205
2024-04-13 16:51:50.417344+00:00,G10,-1359515.6771552823,17166672.537224706,20334123.525443144,22790987.685161453,33.9,,,,,32.168818409153786,34.813655722275634,53.044013276696205
2024-04-13 16:51:50.417344+00:00,G21,15705570.467709549,1573207.3274551504,21908097.87080236,21741095.77084113,45.4,,,,,32.168818409153786,34.813655722275634,53.044013276696205
2024-04-13 16:51:50.417344+00:00,G27,23145656.60945349,13294385.391379155,-2636828.062584128,22144526.579115,45.1,,,,,32.168818409153786,34.813655722275634,53.044013276696205
2024-04-13 16:51:50.417344+00:00,G28,5197097.482206385,25766071.794903025,-3841714.6669914993,23813283.52952344,38.1,,,,,32.168818409153786,34.813655722275634,53.044013276696205
2024-04-13 16:51:50.417344+00:00,G32,8065258.919812584,17952788.664598227,18138856.36950656,21263101.164606623,44.1,,,,,32.168818409153786,34.813655722275634,53.044013276696205
2024-04-13 16:51:51.417344+00:00,G02,14579680.881912544,-5199819.456893694,22045831.0164478,22804511.64601505,46.6,,,,,32.168818409153786,34.813655722275634,53.044013276696205
2024-04-13 16:51:51.417344+00:00,G03,23182725.858845707,-12115873.310844766,4058855.1381345806,24143783.95831981,45.0,,,,,32.168818409153786,34.813655722275634,53.044013276696205
2024-04-13 16:51:51.417344+00:00,G08,24919985.806043923,4704403.131620079,8484865.369409585,21171999.78966106,49.6,,,,,32.168818409153786,34.813655722275634,53.044013276696205
2024-04-13 16:51:51.417344+00:00,G10,15705990.291735245,1575838.5563955666,21907696.93265853,21740754.618607163,44.0,,,,,32.168818409153786,34.813655722275634,53.044013276696205
2024-04-13 16:51:51.417344+00:00,G21,23145287.00601832,13294468.501160275,-2639956.3755494785,22145067.43048197,45.0,,,,,32.168818409153786,34.813655722275634,53.044013276696205
2024-04-13 16:51:51.417344+00:00,G27,5196870.9514737055,25766581.93549418,-3838587.330745368,23812787.65960317,36.8,,,,,32.168818409153786,34.813655722275634,53.044013276696205
2024-04-13 16:51:51.417344+00:00,G28,8063168.225974468,17951935.942537367,18140630.80011529,21263343.68759644,41.9,,,,,32.168818409153786,34.813655722275634,53.044013276696205
2024-04-13 16:51:52.417344+00:00,G02,14580113.827304536,-5197169.453695878,22046204.423861805,22804010.37300297,46.2,,,,,32.168818409153786,34.813655722275634,53.044013276696205
2024-04-13 16:51:52.417344+00:00,G03,23182399.76654661,-12115397.081048608,4062033.939141912,24143282.410534963,44.4,,,,,32.168818409153786,34.813655722275634,53.044013276696205
2024-04-13 16:51:52.417344+00:00,G08,24920866.798752826,4705077.021928715,8481982.850359106,21172174.29879128,48.9,,,,,32.168818409153786,34.813655722275634,53.044013276696205
2024-04-13 16:51:52.417344+00:00,G10,15706410.26510117,1578469.7006185288,21907295.550964948,21740408.650113106,43.7,,,,,32.168818409153786,34.813655722275634,53.044013276696205
2024-04-13 16:51:52.417344+00:00,G21,23144917.05961609,13294551.460914478,-2643084.633960981,22145608.56105243,44.3,,,,,32.168818409153786,34.813655722275634,53.044013276696205
2024-04-13 16:51:52.417344+00:00,G27,5196644.412218424,25767091.698218103,-3835459.912674939,23812274.72336996,36.8,,,,,32.168818409153786,34.813655722275634,53.044013276696205
2024-04-13 16:51:52.417344+00:00,G28,8061077.283026318,17951083.247698188,18142404.85359536,21263582.929945324,41.9,,,,,32.168818409153786,34.813655722275634,53.044013276696205
2024-04-13 16:51:53.417345+00:00,G02,14580546.939454071,-5194519.435326209,22046577.38171297,22803508.8207874,46.1,,,,,32.168818409153786,34.813655722275634,53.044013276696205
2024-04-13 16:51:53.417345+00:00,G03,23182073.368770827,-12114920.60772161,4065212.652797478,24142784.45749497,44.4,,,,,32.168818409153786,34.813655722275634,53.044013276696205
2024-04-13 16:51:53.417345+00:00,G08,24921747.502812184,4705750.71072703,8479100.154440096,21172344.5849688,48.9,,,,,32.168818409153786,34.813655722275634,53.044013276696205
2024-04-13 16:51:53.417345+00:00,G10,15706830.387773998,1581100.7599549715,21906893.725749776,21740070.185212668,43.3,,,,,32.168818409153786,34.813655722275634,53.044013276696205
2024-04-13 16:51:53.417345+00:00,G21,23144546.7702271,13294634.270692475,-2646212.837797863,22146145.78277412,43.9,,,,,32.168818409153786,34.813655722275634,53.044013276696205
2024-04-13 16:51:53.417345+00:00,G27,5196417.864401967,25767601.083039235,-3832332.413021476,23811761.47303283,35.2,,,,,32.168818409153786,34.813655722275634,53.044013276696205
2024-04-13 16:51:53.417345+00:00,G28,8058986.091017,17950230.58013528,18144178.529899366,21263820.67157548,40.3,,,,,32.168818409153786,34.813655722275634,53.044013276696205
2024-04-13 16:51:54.417345+00:00,G02,14580980.21835701,-5191869.401854238,22046949.88999436,22803007.582675748,46.9,,,,,32.168818409153786,34.813655722275634,53.044013276696205
2024-04-13 16:51:54.417345+00:00,G03,23181746.665548664,-12114443.890811857,4068391.279127887,24142281.12978792,45.2,,,,,32.168818409153786,34.813655722275634,53.044013276696205
2024-04-13 16:51:54.417345+00:00,G08,24922627.918164503,4706424.198034765,8476217.281765122,21172516.057761125,49.3,,,,,32.168818409153786,34.813655722275634,53.044013276696205
2024-04-13 16:51:54.417345+00:00,G10,-1368179.540906635,17171984.52779522,20328880.48847497,22792418.004528176,36.6,,,,,32.168818409153786,34.813655722275634,53.044013276696205
2024-04-13 16:51:54.417345+00:00,G21,15707250.659757383,1583731.7344679958,21906491.457005844,21739725.12412993,45.9,,,,,32.168818409153786,34.813655722275634,53.044013276696205
2024-04-13 16:51:54.417345+00:00,G27,23144176.137841653,13294716.930542724,-2649340.986954884,22146683.004495803,45.1,,,,,32.168818409153786,34.813655722275634,53.044013276696205
2024-04-13 16:51:54.417345+00:00,G28,5196191.307984075,25768110.089924205,-3829204.832014245,23811263.50908644,39.1,,,,,32.168818409153786,34.813655722275634,53.044013276696205
2024-04-13 16:51:54.417345+00:00,G32,8056894.650087282,17949377.939940788,18145951.82890192,21264071.884773728,43.8,,,,,32.168818409153786,34.813655722275634,53.044013276696205
2024-04-13 16:51:55.417345+00:00,G02,14581413.66401039,-5189219.353341901,22047321.948700216,22802506.34456409,47.5,,,,,32.168818409153786,34.813655722275634,53.044013276696205
2024-04-13 16:51:55.417345+00:00,G03,23181419.6569339,-12113966.930302752,4071569.817928489,24141785.27077406,45.5,,,,,32.168818409153786,34.813655722275634,53.044013276696205
2024-04-13 16:51:55.417345+00:00,G08,24923508.04475841,4707097.4838766605,8473334.232426688,21172692.03270963,50.3,,,,,32.168818409153786,34.813655722275634,53.044013276696205
2024-04-13 16:51:55.417345+00:00,G10,-1370344.9688593587,17173312.639101215,20327568.658394743,22792774.75548452,38.3,,,,,32.168818409153786,34.813655722275634,53.044013276696205
2024-04-13 16:51:55.417345+00:00,G21,15707671.08102598,1586362.6240388495,21906088.744753662,21739380.0630472,46.4,,,,,32.168818409153786,34.813655722275634,53.044013276696205
2024-04-13 16:51:55.417345+00:00,G27,23143805.162453923,13294799.440513212,-2652469.081292551,22147227.4157072,45.3,,,,,32.168818409153786,34.813655722275634,53.044013276696205
2024-04-13 16:51:55.417345+00:00,G28,5195964.7429001145,25768618.718896512,-3826077.169532235,23810762.857806507,39.8,,,,,32.168818409153786,34.813655722275634,53.044013276696205
2024-04-13 16:51:55.417345+00:00,G32,8054802.960116832,17948525.32710052,18147724.75069895,21264314.12856006,44.0,,,,,32.168818409153786,34.813655722275634,53.044013276696205
